[
  {
    "cardId": "EX1_621",
    "dbfId": "1362",
    "name": "Circle of Healing",
    "cardSet": "Classic",
    "type": "Spell",
    "rarity": "Common",
    "cost": 0,
    "text": "Restore #4 Health to ALL_minions.",
    "flavor": "It isn't really a circle.",
    "artist": "Daarken",
    "collectible": true,
    "playerClass": "Priest",
    "img": "http://media.services.zam.com/v1/media/byName/hs/cards/enus/EX1_621.png",
    "imgGold": "http://media.services.zam.com/v1/media/byName/hs/cards/enus/animated/EX1_621_premium.gif",
    "locale": "enUS"
  },
  {
    "cardId": "EX1_607",
    "dbfId": "22",
    "name": "Inner Rage",
    "cardSet": "Classic",
    "type": "Spell",
    "faction": "Neutral",
    "rarity": "Common",
    "cost": 0,
    "text": "Deal $1 damage to a minion and give it +2_Attack.",
    "flavor": "They're only smiling on the outside.",
    "artist": "Slawomir Maniak",
    "collectible": true,
    "playerClass": "Warrior",
    "img": "http://media.services.zam.com/v1/media/byName/hs/cards/enus/EX1_607.png",
    "imgGold": "http://media.services.zam.com/v1/media/byName/hs/cards/enus/animated/EX1_607_premium.gif",
    "locale": "enUS"
  },
  {
    "cardId": "EX1_332",
    "dbfId": "1189",
    "name": "Silence",
    "cardSet": "Classic",
    "type": "Spell",
    "faction": "Neutral",
    "rarity": "Common",
    "cost": 0,
    "text": "Silence a minion.",
    "flavor": "Reserved for enemy spellcasters, evil liches from beyond the grave, and karaoke nights at the Grim Guzzler.",
    "artist": "Zoltan & Gabor",
    "collectible": true,
    "playerClass": "Priest",
    "img": "http://media.services.zam.com/v1/media/byName/hs/cards/enus/EX1_332.png",
    "imgGold": "http://media.services.zam.com/v1/media/byName/hs/cards/enus/animated/EX1_332_premium.gif",
    "locale": "enUS",
    "mechanics": [
      {
        "name": "Silence"
      }
    ]
  },
  {
    "cardId": "EX1_014t",
    "dbfId": "1694",
    "name": "Bananas",
    "cardSet": "Classic",
    "type": "Spell",
    "cost": 1,
    "text": "Give a minion +1/+1.",
    "playerClass": "Neutral",
    "img": "http://wow.zamimg.com/images/hearthstone/cards/enus/original/EX1_014t.png",
    "imgGold": "http://wow.zamimg.com/images/hearthstone/cards/enus/animated/EX1_014t_premium.gif",
    "locale": "enUS"
  },
  {
    "cardId": "CS1_129",
    "dbfId": "376",
    "name": "Inner Fire",
    "cardSet": "Classic",
    "type": "Spell",
    "faction": "Neutral",
    "rarity": "Common",
    "cost": 1,
    "text": "Change a minion's Attack to be equal to its Health.",
    "flavor": "Good idea: Buffing your minions. Bad idea: Starting a conversation in the Barrens.",
    "artist": "Steve Prescott",
    "collectible": true,
    "playerClass": "Priest",
    "img": "http://media.services.zam.com/v1/media/byName/hs/cards/enus/CS1_129.png",
    "imgGold": "http://media.services.zam.com/v1/media/byName/hs/cards/enus/animated/CS1_129_premium.gif",
    "locale": "enUS"
  },
  {
    "cardId": "EX1_410",
    "dbfId": "546",
    "name": "Shield Slam",
    "cardSet": "Classic",
    "type": "Spell",
    "faction": "Neutral",
    "rarity": "Epic",
    "cost": 1,
    "text": "Deal 1 damage to a minion for each Armor you have.",
    "flavor": "\"What is a better weapon? The sharp one your enemies expect, or the blunt one they ignore?\" - The Art of Warrior, Chapter 9",
    "artist": "Raymond Swanland",
    "collectible": true,
    "playerClass": "Warrior",
    "img": "http://media.services.zam.com/v1/media/byName/hs/cards/enus/EX1_410.png",
    "imgGold": "http://media.services.zam.com/v1/media/byName/hs/cards/enus/animated/EX1_410_premium.gif",
    "locale": "enUS",
    "mechanics": [
      {
        "name": "AffectedBySpellPower"
      }
    ]
  },
  {
    "cardId": "EX1_392",
    "dbfId": "400",
    "name": "Battle Rage",
    "cardSet": "Classic",
    "type": "Spell",
    "faction": "Neutral",
    "rarity": "Common",
    "cost": 2,
    "text": "Draw a card for each damaged friendly character.",
    "flavor": "\"You won't like me when I'm angry.\"",
    "artist": "Alex Horley Orlandelli",
    "collectible": true,
    "playerClass": "Warrior",
    "img": "http://media.services.zam.com/v1/media/byName/hs/cards/enus/EX1_392.png",
    "imgGold": "http://media.services.zam.com/v1/media/byName/hs/cards/enus/animated/EX1_392_premium.gif",
    "locale": "enUS"
  },
  {
    "cardId": "EX1_619",
    "dbfId": "756",
    "name": "Equality",
    "cardSet": "Classic",
    "type": "Spell",
    "faction": "Neutral",
    "rarity": "Rare",
    "cost": 2,
    "text": "Change the Health of ALL minions to 1.",
    "flavor": "We are all special unique snowflakes... with 1 Health.",
    "artist": "Michal Ivan",
    "collectible": true,
    "playerClass": "Paladin",
    "img": "http://media.services.zam.com/v1/media/byName/hs/cards/enus/EX1_619.png",
    "imgGold": "http://media.services.zam.com/v1/media/byName/hs/cards/enus/animated/EX1_619_premium.gif",
    "locale": "enUS"
  },
  {
    "cardId": "CS2_104",
    "dbfId": "1108",
    "name": "Rampage",
    "cardSet": "Classic",
    "type": "Spell",
    "faction": "Neutral",
    "rarity": "Common",
    "cost": 2,
    "text": "Give a damaged minion +3/+3.",
    "flavor": "Minion get ANGRY. Minion SMASH!",
    "artist": "Jonboy Meyers",
    "collectible": true,
    "playerClass": "Warrior",
    "img": "http://media.services.zam.com/v1/media/byName/hs/cards/enus/CS2_104.png",
    "imgGold": "http://media.services.zam.com/v1/media/byName/hs/cards/enus/animated/CS2_104_premium.gif",
    "locale": "enUS"
  },
  {
    "cardId": "EX1_617",
    "dbfId": "1093",
    "name": "Deadly Shot",
    "cardSet": "Classic",
    "type": "Spell",
    "faction": "Neutral",
    "rarity": "Common",
    "cost": 3,
    "text": "Destroy a random enemy minion.",
    "flavor": "Accuracy is not a highly valued trait among the mok'nathal. Deadliness is near the top, though.",
    "artist": "Steve Prescott",
    "collectible": true,
    "playerClass": "Hunter",
    "img": "http://media.services.zam.com/v1/media/byName/hs/cards/enus/EX1_617.png",
    "imgGold": "http://media.services.zam.com/v1/media/byName/hs/cards/enus/animated/EX1_617_premium.gif",
    "locale": "enUS"
  },
  {
    "cardId": "EX1_349",
    "dbfId": "679",
    "name": "Divine Favor",
    "cardSet": "Classic",
    "type": "Spell",
    "faction": "Neutral",
    "rarity": "Rare",
    "cost": 3,
    "text": "Draw cards until you have as many in hand as your opponent.",
    "flavor": "This is not just a favor, but a divine one, like helping someone move a couch with a fold out bed!",
    "artist": "Lucas Graciano",
    "collectible": true,
    "playerClass": "Paladin",
    "img": "http://media.services.zam.com/v1/media/byName/hs/cards/enus/EX1_349.png",
    "imgGold": "http://media.services.zam.com/v1/media/byName/hs/cards/enus/animated/EX1_349_premium.gif",
    "locale": "enUS"
  },
  {
    "cardId": "EX1_317",
    "dbfId": "860",
    "name": "Sense Demons",
    "cardSet": "Classic",
    "type": "Spell",
    "faction": "Neutral",
    "rarity": "Common",
    "cost": 3,
    "text": "Draw 2 Demons\\nfrom your deck.",
    "flavor": "Generally demons are pretty obvious and you don’t need a spell to sense them.",
    "artist": "Raven Mimura",
    "collectible": true,
    "playerClass": "Warlock",
    "img": "http://media.services.zam.com/v1/media/byName/hs/cards/enus/EX1_317.png",
    "imgGold": "http://media.services.zam.com/v1/media/byName/hs/cards/enus/animated/EX1_317_premium.gif",
    "locale": "enUS"
  },
  {
    "cardId": "EX1_626",
    "dbfId": "1366",
    "name": "Mass Dispel",
    "cardSet": "Classic",
    "type": "Spell",
    "rarity": "Rare",
    "cost": 4,
    "text": "Silence all enemy minions. Draw a card.",
    "flavor": "It dispels buffs, powers, hopes, and dreams.",
    "artist": "Sean O'Daniels",
    "collectible": true,
    "playerClass": "Priest",
    "img": "http://media.services.zam.com/v1/media/byName/hs/cards/enus/EX1_626.png",
    "imgGold": "http://media.services.zam.com/v1/media/byName/hs/cards/enus/animated/EX1_626_premium.gif",
    "locale": "enUS",
    "mechanics": [
      {
        "name": "Silence"
      }
    ]
  },
  {
    "cardId": "EX1_303",
    "dbfId": "147",
    "name": "Shadowflame",
    "cardSet": "Classic",
    "type": "Spell",
    "faction": "Neutral",
    "rarity": "Rare",
    "cost": 4,
    "text": "Destroy a friendly minion and deal its Attack damage to all enemy minions.",
    "flavor": "Start with a powerful minion and stir in Shadowflame and you have a good time!",
    "artist": "Dave Kendall",
    "collectible": true,
    "playerClass": "Warlock",
    "img": "http://media.services.zam.com/v1/media/byName/hs/cards/enus/EX1_303.png",
    "imgGold": "http://media.services.zam.com/v1/media/byName/hs/cards/enus/animated/EX1_303_premium.gif",
    "locale": "enUS",
    "mechanics": [
      {
        "name": "AffectedBySpellPower"
      }
    ]
  },
  {
    "cardId": "EX1_355",
    "dbfId": "1522",
    "name": "Blessed Champion",
    "cardSet": "Classic",
    "type": "Spell",
    "rarity": "Rare",
    "cost": 5,
    "text": "Double a minion's Attack.",
    "flavor": "This card causes double the trouble AND double the fun.",
    "artist": "Tyler Walpole",
    "collectible": true,
    "playerClass": "Paladin",
    "img": "http://media.services.zam.com/v1/media/byName/hs/cards/enus/EX1_355.png",
    "imgGold": "http://media.services.zam.com/v1/media/byName/hs/cards/enus/animated/EX1_355_premium.gif",
    "locale": "enUS"
  },
  {
    "cardId": "EX1_407",
    "dbfId": "75",
    "name": "Brawl",
    "cardSet": "Classic",
    "type": "Spell",
    "faction": "Neutral",
    "rarity": "Epic",
    "cost": 5,
    "text": "Destroy all minions except one. (chosen randomly)",
    "flavor": "Do you know the first rule of Brawl Club?",
    "artist": "Wayne Reynolds",
    "collectible": true,
    "playerClass": "Warrior",
    "img": "http://media.services.zam.com/v1/media/byName/hs/cards/enus/EX1_407.png",
    "imgGold": "http://media.services.zam.com/v1/media/byName/hs/cards/enus/animated/EX1_407_premium.gif",
    "locale": "enUS"
  },
  {
    "cardId": "EX1_537",
    "dbfId": "394",
    "name": "Explosive Shot",
    "cardSet": "Classic",
    "type": "Spell",
    "faction": "Neutral",
    "rarity": "Rare",
    "cost": 5,
    "text": "Deal $5 damage to a minion and $2 damage to adjacent ones.",
    "flavor": "Pull the pin, count to 5, then shoot. Then duck.",
    "artist": "Tom Baxa",
    "collectible": true,
    "playerClass": "Hunter",
    "img": "http://media.services.zam.com/v1/media/byName/hs/cards/enus/EX1_537.png",
    "imgGold": "http://media.services.zam.com/v1/media/byName/hs/cards/enus/animated/EX1_537_premium.gif",
    "locale": "enUS"
  },
  {
    "cardId": "EX1_365",
    "dbfId": "435",
    "name": "Holy Wrath",
    "cardSet": "Classic",
    "type": "Spell",
    "faction": "Neutral",
    "rarity": "Rare",
    "cost": 5,
    "text": "Draw a card and deal_damage equal to_its Cost.",
    "flavor": "C'mon Molten Giant!!",
    "artist": "Justin Sweet",
    "collectible": true,
    "playerClass": "Paladin",
    "img": "http://media.services.zam.com/v1/media/byName/hs/cards/enus/EX1_365.png",
    "imgGold": "http://media.services.zam.com/v1/media/byName/hs/cards/enus/animated/EX1_365_premium.gif",
    "locale": "enUS",
    "mechanics": [
      {
        "name": "AffectedBySpellPower"
      }
    ]
  },
  {
    "cardId": "EX1_384",
    "dbfId": "1174",
    "name": "Avenging Wrath",
    "cardSet": "Classic",
    "type": "Spell",
    "faction": "Neutral",
    "rarity": "Epic",
    "cost": 6,
    "text": "Deal $8 damage randomly split among all enemies.",
    "flavor": "Wham! Wham! Wham! Wham! Wham! Wham! Wham! Wham!",
    "artist": "Alex Garner",
    "collectible": true,
    "playerClass": "Paladin",
    "img": "http://media.services.zam.com/v1/media/byName/hs/cards/enus/EX1_384.png",
    "imgGold": "http://media.services.zam.com/v1/media/byName/hs/cards/enus/animated/EX1_384_premium.gif",
    "locale": "enUS",
    "mechanics": [
      {
        "name": "ImmuneToSpellpower"
      }
    ]
  },
  {
    "cardId": "EX1_624",
    "dbfId": "1365",
    "name": "Holy Fire",
    "cardSet": "Classic",
    "type": "Spell",
    "rarity": "Rare",
    "cost": 6,
    "text": "Deal $5 damage. Restore #5 Health to your hero.",
    "flavor": "Often followed by Holy Smokes!",
    "artist": "Miguel Coimbra",
    "collectible": true,
    "playerClass": "Priest",
    "img": "http://media.services.zam.com/v1/media/byName/hs/cards/enus/EX1_624.png",
    "imgGold": "http://media.services.zam.com/v1/media/byName/hs/cards/enus/animated/EX1_624_premium.gif",
    "locale": "enUS"
  },
  {
    "cardId": "EX1_309",
    "dbfId": "1100",
    "name": "Siphon Soul",
    "cardSet": "Classic",
    "type": "Spell",
    "faction": "Neutral",
    "rarity": "Rare",
    "cost": 6,
    "text": "Destroy a minion. Restore #3 Health to_your hero.",
    "flavor": "You probably should avoid siphoning your own soul. You might create some kind of weird infinite loop.",
    "artist": "Tyler Walpole",
    "collectible": true,
    "playerClass": "Warlock",
    "img": "http://media.services.zam.com/v1/media/byName/hs/cards/enus/EX1_309.png",
    "imgGold": "http://media.services.zam.com/v1/media/byName/hs/cards/enus/animated/EX1_309_premium.gif",
    "locale": "enUS"
  },
  {
    "cardId": "EX1_354",
    "dbfId": "594",
    "name": "Lay on Hands",
    "cardSet": "Classic",
    "type": "Spell",
    "faction": "Neutral",
    "rarity": "Epic",
    "cost": 8,
    "text": "Restore #8 Health. Draw_3 cards.",
    "flavor": "A grammatically awkward life saver.",
    "artist": "Raymond Swanland",
    "collectible": true,
    "playerClass": "Paladin",
    "img": "http://media.services.zam.com/v1/media/byName/hs/cards/enus/EX1_354.png",
    "imgGold": "http://media.services.zam.com/v1/media/byName/hs/cards/enus/animated/EX1_354_premium.gif",
    "locale": "enUS"
  },
  {
    "cardId": "EX1_312",
    "dbfId": "859",
    "name": "Twisting Nether",
    "cardSet": "Classic",
    "type": "Spell",
    "faction": "Neutral",
    "rarity": "Epic",
    "cost": 8,
    "text": "Destroy all minions.",
    "flavor": "The Twisting Nether is a formless place of magic and illusion and destroyed minions.",
    "artist": "Dave Allsop",
    "collectible": true,
    "playerClass": "Warlock",
    "img": "http://media.services.zam.com/v1/media/byName/hs/cards/enus/EX1_312.png",
    "imgGold": "http://media.services.zam.com/v1/media/byName/hs/cards/enus/animated/EX1_312_premium.gif",
    "locale": "enUS"
  },
  {
    "cardId": "EX1_279",
    "dbfId": "1087",
    "name": "Pyroblast",
    "cardSet": "Classic",
    "type": "Spell",
    "faction": "Neutral",
    "rarity": "Epic",
    "cost": 10,
    "text": "Deal $10 damage.",
    "flavor": "Take the time for an evil laugh after you draw this card.",
    "artist": "Luca Zontini",
    "collectible": true,
    "playerClass": "Mage",
    "img": "http://media.services.zam.com/v1/media/byName/hs/cards/enus/EX1_279.png",
    "imgGold": "http://media.services.zam.com/v1/media/byName/hs/cards/enus/animated/EX1_279_premium.gif",
    "locale": "enUS"
  },
  {
    "cardId": "NEW1_003",
    "dbfId": "163",
    "name": "Sacrificial Pact",
    "cardSet": "Basic",
    "type": "Spell",
    "rarity": "Free",
    "cost": 0,
    "text": "Destroy a Demon. Restore #5 Health to your hero.",
    "flavor": "This is the reason that Demons never really become friends with Warlocks.",
    "artist": "Jim Nelson",
    "collectible": true,
    "playerClass": "Warlock",
    "howToGet": "Unlocked at Level 8.",
    "howToGetGold": "Unlocked at Level 15.",
    "img": "http://media.services.zam.com/v1/media/byName/hs/cards/enus/NEW1_003.png",
    "imgGold": "http://media.services.zam.com/v1/media/byName/hs/cards/enus/animated/NEW1_003_premium.gif",
    "locale": "enUS"
  },
  {
    "cardId": "GAME_005",
    "dbfId": "1746",
    "name": "The Coin",
    "cardSet": "Basic",
    "type": "Spell",
    "cost": 0,
    "text": "Gain 1 Mana Crystal this turn only.",
    "playerClass": "Neutral",
    "img": "http://wow.zamimg.com/images/hearthstone/cards/enus/original/GAME_005.png",
    "imgGold": "http://wow.zamimg.com/images/hearthstone/cards/enus/animated/GAME_005_premium.gif",
    "locale": "enUS"
  },
  {
    "cardId": "EX1_277",
    "dbfId": "564",
    "name": "Arcane Missiles",
    "cardSet": "Basic",
    "type": "Spell",
    "faction": "Neutral",
    "rarity": "Free",
    "cost": 1,
    "text": "Deal $3 damage randomly split among all enemies.",
    "flavor": "You'd think you'd be able to control your missiles a little better since you're a powerful mage and all.",
    "artist": "Warren Mahy",
    "collectible": true,
    "playerClass": "Mage",
    "howToGet": "Unlocked at Level 1.",
    "howToGetGold": "Unlocked at Level 32.",
    "img": "http://media.services.zam.com/v1/media/byName/hs/cards/enus/EX1_277.png",
    "imgGold": "http://media.services.zam.com/v1/media/byName/hs/cards/enus/animated/EX1_277_premium.gif",
    "locale": "enUS",
    "mechanics": [
      {
        "name": "ImmuneToSpellpower"
      }
    ]
  },
  {
    "cardId": "DS1_185",
    "dbfId": "877",
    "name": "Arcane Shot",
    "cardSet": "Basic",
    "type": "Spell",
    "faction": "Neutral",
    "rarity": "Free",
    "cost": 1,
    "text": "Deal $2 damage.",
    "flavor": "Magi conjured arcane arrows to sell to hunters, until hunters learned just enough magic to do it themselves. The resulting loss of jobs sent Stormwind into a minor recession.",
    "artist": "Luca Zontini",
    "collectible": true,
    "playerClass": "Hunter",
    "howToGet": "Unlocked at Level 1.",
    "howToGetGold": "Unlocked at Level 32.",
    "img": "http://media.services.zam.com/v1/media/byName/hs/cards/enus/DS1_185.png",
    "imgGold": "http://media.services.zam.com/v1/media/byName/hs/cards/enus/animated/DS1_185_premium.gif",
    "locale": "enUS"
  },
  {
    "cardId": "CS2_087",
    "dbfId": "70",
    "name": "Blessing of Might",
    "cardSet": "Basic",
    "type": "Spell",
    "faction": "Neutral",
    "rarity": "Free",
    "cost": 1,
    "text": "Give a minion +3_Attack.",
    "flavor": "\"As in, you MIGHT want to get out of my way.\" - Toad Mackle, recently buffed.",
    "artist": "Zoltan Boros",
    "collectible": true,
    "playerClass": "Paladin",
    "howToGet": "Unlocked at Level 1.",
    "howToGetGold": "Unlocked at Level 45.",
    "img": "http://media.services.zam.com/v1/media/byName/hs/cards/enus/CS2_087.png",
    "imgGold": "http://media.services.zam.com/v1/media/byName/hs/cards/enus/animated/CS2_087_premium.gif",
    "locale": "enUS"
  },
  {
    "cardId": "EX1_371",
    "dbfId": "727",
    "name": "Hand of Protection",
    "cardSet": "Basic",
    "type": "Spell",
    "faction": "Neutral",
    "rarity": "Free",
    "cost": 1,
    "text": "Give a minion Divine Shield.",
    "flavor": "This spell has been renamed so many times, even paladins don’t know what it should be called anymore.",
    "artist": "Clint Langley",
    "collectible": true,
    "playerClass": "Paladin",
    "howToGet": "Unlocked at Level 1.",
    "howToGetGold": "Unlocked at Level 23.",
    "img": "http://media.services.zam.com/v1/media/byName/hs/cards/enus/EX1_371.png",
    "imgGold": "http://media.services.zam.com/v1/media/byName/hs/cards/enus/animated/EX1_371_premium.gif",
    "locale": "enUS",
    "mechanics": [
      {
        "name": "Divine Shield"
      }
    ]
  },
  {
    "cardId": "CS1_130",
    "dbfId": "279",
    "name": "Holy Smite",
    "cardSet": "Basic",
    "type": "Spell",
    "faction": "Neutral",
    "rarity": "Free",
    "cost": 1,
    "text": "Deal $2 damage.",
    "flavor": "It doesn't matter how pious you are. Everyone needs a good smiting now and again.",
    "artist": "Steve Ellis",
    "collectible": true,
    "playerClass": "Priest",
    "howToGet": "Unlocked at Level 1.",
    "howToGetGold": "Unlocked at Level 23.",
    "img": "http://media.services.zam.com/v1/media/byName/hs/cards/enus/CS1_130.png",
    "imgGold": "http://media.services.zam.com/v1/media/byName/hs/cards/enus/animated/CS1_130_premium.gif",
    "locale": "enUS"
  },
  {
    "cardId": "EX1_360",
    "dbfId": "854",
    "name": "Humility",
    "cardSet": "Basic",
    "type": "Spell",
    "faction": "Neutral",
    "rarity": "Free",
    "cost": 1,
    "text": "Change a minion's Attack to 1.",
    "flavor": "This card makes something really damp. Oh wait. That's \"Humidity.\"",
    "artist": "Daren Bader",
    "collectible": true,
    "playerClass": "Paladin",
    "howToGet": "Unlocked at Level 6.",
    "howToGetGold": "Unlocked at Level 28.",
    "img": "http://media.services.zam.com/v1/media/byName/hs/cards/enus/EX1_360.png",
    "imgGold": "http://media.services.zam.com/v1/media/byName/hs/cards/enus/animated/EX1_360_premium.gif",
    "locale": "enUS"
  },
  {
    "cardId": "CS2_084",
    "dbfId": "141",
    "name": "Hunter's Mark",
    "cardSet": "Basic",
    "type": "Spell",
    "faction": "Neutral",
    "rarity": "Free",
    "cost": 1,
    "text": "Change a minion's Health to 1.",
    "flavor": "Never play 'Hide and Go Seek' with a Hunter.",
    "artist": "Jimmy Lo",
    "collectible": true,
    "playerClass": "Hunter",
    "howToGet": "Unlocked at Level 6.",
    "howToGetGold": "Unlocked at Level 40.",
    "img": "http://media.services.zam.com/v1/media/byName/hs/cards/enus/CS2_084.png",
    "imgGold": "http://media.services.zam.com/v1/media/byName/hs/cards/enus/animated/CS2_084_premium.gif",
    "locale": "enUS"
  },
  {
    "cardId": "CS2_004",
    "dbfId": "613",
    "name": "Power Word: Shield",
    "cardSet": "Basic",
    "type": "Spell",
    "faction": "Neutral",
    "rarity": "Free",
    "cost": 1,
    "text": "Give a minion +2_Health.\\nDraw a card.",
    "flavor": "Sure the extra protection is nice, but the shield really reduces visibility.",
    "artist": "Jessica Jung",
    "collectible": true,
    "playerClass": "Priest",
    "howToGet": "Unlocked at Level 1.",
    "howToGetGold": "Unlocked at Level 47.",
    "img": "http://media.services.zam.com/v1/media/byName/hs/cards/enus/CS2_004.png",
    "imgGold": "http://media.services.zam.com/v1/media/byName/hs/cards/enus/animated/CS2_004_premium.gif",
    "locale": "enUS"
  },
  {
    "cardId": "EX1_400",
    "dbfId": "636",
    "name": "Whirlwind",
    "cardSet": "Basic",
    "type": "Spell",
    "faction": "Neutral",
    "rarity": "Free",
    "cost": 1,
    "text": "Deal $1 damage to ALL_minions.",
    "flavor": "The way to tell seasoned warriors from novice ones: the novices yell \"wheeeee\" while whirlwinding.",
    "artist": "Jonboy Meyers",
    "collectible": true,
    "playerClass": "Warrior",
    "howToGet": "Unlocked at Level 6.",
    "howToGetGold": "Unlocked at Level 32.",
    "img": "http://media.services.zam.com/v1/media/byName/hs/cards/enus/EX1_400.png",
    "imgGold": "http://media.services.zam.com/v1/media/byName/hs/cards/enus/animated/EX1_400_premium.gif",
    "locale": "enUS"
  },
  {
    "cardId": "CS2_025",
    "dbfId": "447",
    "name": "Arcane Explosion",
    "cardSet": "Basic",
    "type": "Spell",
    "faction": "Neutral",
    "rarity": "Free",
    "cost": 2,
    "text": "Deal $1 damage to all enemy minions.",
    "flavor": "This spell is much better than Arcane Implosion.",
    "artist": "Howard Lyon",
    "collectible": true,
    "playerClass": "Mage",
    "howToGet": "Unlocked at Level 1.",
    "howToGetGold": "Unlocked at Level 28.",
    "img": "http://media.services.zam.com/v1/media/byName/hs/cards/enus/CS2_025.png",
    "imgGold": "http://media.services.zam.com/v1/media/byName/hs/cards/enus/animated/CS2_025_premium.gif",
    "locale": "enUS"
  },
  {
    "cardId": "CS2_114",
    "dbfId": "940",
    "name": "Cleave",
    "cardSet": "Basic",
    "type": "Spell",
    "faction": "Neutral",
    "rarity": "Free",
    "cost": 2,
    "text": "[x]Deal $2 damage to\\ntwo random enemy\\nminions.",
    "flavor": "Hey you two…could you stand next to each other for a second…",
    "artist": "Phroilan Gardner",
    "collectible": true,
    "playerClass": "Warrior",
    "howToGet": "Unlocked at Level 2.",
    "howToGetGold": "Unlocked at Level 40.",
    "img": "http://media.services.zam.com/v1/media/byName/hs/cards/enus/CS2_114.png",
    "imgGold": "http://media.services.zam.com/v1/media/byName/hs/cards/enus/animated/CS2_114_premium.gif",
    "locale": "enUS"
  },
  {
    "cardId": "CS2_236",
    "dbfId": "1361",
    "name": "Divine Spirit",
    "cardSet": "Basic",
    "type": "Spell",
    "rarity": "Free",
    "cost": 2,
    "text": "Double a minion's Health.",
    "flavor": "Double the trouble. Double the fun!",
    "artist": "Jim Pavelec",
    "collectible": true,
    "playerClass": "Priest",
    "howToGet": "Unlocked at Level 2.",
    "howToGetGold": "Unlocked at Level 28.",
    "img": "http://media.services.zam.com/v1/media/byName/hs/cards/enus/CS2_236.png",
    "imgGold": "http://media.services.zam.com/v1/media/byName/hs/cards/enus/animated/CS2_236_premium.gif",
    "locale": "enUS"
  },
  {
    "cardId": "CS2_108",
    "dbfId": "785",
    "name": "Execute",
    "cardSet": "Basic",
    "type": "Spell",
    "faction": "Neutral",
    "rarity": "Free",
    "cost": 2,
    "text": "Destroy a damaged enemy minion.",
    "flavor": "It's okay, he deserved it.",
    "artist": "Dany Orizio",
    "collectible": true,
    "playerClass": "Warrior",
    "howToGet": "Unlocked at Level 1.",
    "howToGetGold": "Unlocked at Level 47.",
    "img": "http://media.services.zam.com/v1/media/byName/hs/cards/enus/CS2_108.png",
    "imgGold": "http://media.services.zam.com/v1/media/byName/hs/cards/enus/animated/CS2_108_premium.gif",
    "locale": "enUS"
  },
  {
    "cardId": "CS2_105",
    "dbfId": "1007",
    "name": "Heroic Strike",
    "cardSet": "Basic",
    "type": "Spell",
    "faction": "Neutral",
    "rarity": "Free",
    "cost": 2,
    "text": "Give your hero +4_Attack this turn.",
    "flavor": "Really, if you're a hero, this is every strike.",
    "artist": "Jonboy Meyers",
    "collectible": true,
    "playerClass": "Warrior",
    "howToGet": "Unlocked at Level 1.",
    "howToGetGold": "Unlocked at Level 15.",
    "img": "http://media.services.zam.com/v1/media/byName/hs/cards/enus/CS2_105.png",
    "imgGold": "http://media.services.zam.com/v1/media/byName/hs/cards/enus/animated/CS2_105_premium.gif",
    "locale": "enUS"
  },
  {
    "cardId": "CS2_089",
    "dbfId": "291",
    "name": "Holy Light",
    "cardSet": "Basic",
    "type": "Spell",
    "faction": "Neutral",
    "rarity": "Free",
    "cost": 2,
    "text": "Restore #6 Health.",
    "flavor": "If you are often bathed in Holy Light, you should consider wearing sunscreen.",
    "artist": "Zoltan & Gabor",
    "collectible": true,
    "playerClass": "Paladin",
    "howToGet": "Unlocked at Level 1.",
    "howToGetGold": "Unlocked at Level 15.",
    "img": "http://media.services.zam.com/v1/media/byName/hs/cards/enus/CS2_089.png",
    "imgGold": "http://media.services.zam.com/v1/media/byName/hs/cards/enus/animated/CS2_089_premium.gif",
    "locale": "enUS"
  },
  {
    "cardId": "DS1_233",
    "dbfId": "545",
    "name": "Mind Blast",
    "cardSet": "Basic",
    "type": "Spell",
    "faction": "Neutral",
    "rarity": "Free",
    "cost": 2,
    "text": "Deal $5 damage to the enemy hero.",
    "flavor": "This spell blasts you directly in the MIND.",
    "artist": "Dave Allsop",
    "collectible": true,
    "playerClass": "Priest",
    "howToGet": "Unlocked at Level 1.",
    "howToGetGold": "Unlocked at Level 15.",
    "img": "http://media.services.zam.com/v1/media/byName/hs/cards/enus/DS1_233.png",
    "imgGold": "http://media.services.zam.com/v1/media/byName/hs/cards/enus/animated/DS1_233_premium.gif",
    "locale": "enUS"
  },
  {
    "cardId": "CS2_234",
    "dbfId": "1367",
    "name": "Shadow Word: Pain",
    "cardSet": "Basic",
    "type": "Spell",
    "rarity": "Free",
    "cost": 2,
    "text": "Destroy a minion with 3_or less Attack.",
    "flavor": "A step up from a spell cast by many beginning acolytes: \"Shadow Word: Annoy\".",
    "artist": "Raymond Swanland",
    "collectible": true,
    "playerClass": "Priest",
    "howToGet": "Unlocked at Level 1.",
    "howToGetGold": "Unlocked at Level 36.",
    "img": "http://media.services.zam.com/v1/media/byName/hs/cards/enus/CS2_234.png",
    "imgGold": "http://media.services.zam.com/v1/media/byName/hs/cards/enus/animated/CS2_234_premium.gif",
    "locale": "enUS"
  },
  {
    "cardId": "CS2_023",
    "dbfId": "555",
    "name": "Arcane Intellect",
    "cardSet": "Basic",
    "type": "Spell",
    "faction": "Neutral",
    "rarity": "Free",
    "cost": 3,
    "text": "Draw 2 cards.",
    "flavor": "Playing this card makes you SMARTER. And let's face it: we could all stand to be a little smarter.",
    "artist": "Dave Berggren",
    "collectible": true,
    "playerClass": "Mage",
    "howToGet": "Unlocked at Level 1.",
    "howToGetGold": "Unlocked at Level 15.",
    "img": "http://media.services.zam.com/v1/media/byName/hs/cards/enus/CS2_023.png",
    "imgGold": "http://media.services.zam.com/v1/media/byName/hs/cards/enus/animated/CS2_023_premium.gif",
    "locale": "enUS"
  },
  {
    "cardId": "CS2_061",
    "dbfId": "919",
    "name": "Drain Life",
    "cardSet": "Basic",
    "type": "Spell",
    "faction": "Neutral",
    "rarity": "Free",
    "cost": 3,
    "text": "Deal $2 damage. Restore #2 Health to your hero.",
    "flavor": "\"I've just sucked one year of your life away.\"",
    "artist": "Alex Horley Orlandelli",
    "collectible": true,
    "playerClass": "Warlock",
    "howToGet": "Unlocked at Level 1.",
    "howToGetGold": "Unlocked at Level 45.",
    "img": "http://media.services.zam.com/v1/media/byName/hs/cards/enus/CS2_061.png",
    "imgGold": "http://media.services.zam.com/v1/media/byName/hs/cards/enus/animated/CS2_061_premium.gif",
    "locale": "enUS"
  },
  {
    "cardId": "CS2_057",
    "dbfId": "914",
    "name": "Shadow Bolt",
    "cardSet": "Basic",
    "type": "Spell",
    "faction": "Neutral",
    "rarity": "Free",
    "cost": 3,
    "text": "Deal $4 damage\\nto a minion.",
    "flavor": "It’s a Bolt. It's made out of Shadow. What more do you need to know!",
    "artist": "Dave Allsop",
    "collectible": true,
    "playerClass": "Warlock",
    "howToGet": "Unlocked at Level 1.",
    "howToGetGold": "Unlocked at Level 47.",
    "img": "http://media.services.zam.com/v1/media/byName/hs/cards/enus/CS2_057.png",
    "imgGold": "http://media.services.zam.com/v1/media/byName/hs/cards/enus/animated/CS2_057_premium.gif",
    "locale": "enUS"
  },
  {
    "cardId": "EX1_622",
    "dbfId": "1363",
    "name": "Shadow Word: Death",
    "cardSet": "Basic",
    "type": "Spell",
    "rarity": "Free",
    "cost": 3,
    "text": "Destroy a minion with 5_or more Attack.",
    "flavor": "If you miss, it leaves a lightning-bolt-shaped scar on your target.",
    "artist": "Raymond Swanland",
    "collectible": true,
    "playerClass": "Priest",
    "howToGet": "Unlocked at Level 8.",
    "howToGetGold": "Unlocked at Level 43.",
    "img": "http://media.services.zam.com/v1/media/byName/hs/cards/enus/EX1_622.png",
    "imgGold": "http://media.services.zam.com/v1/media/byName/hs/cards/enus/animated/EX1_622_premium.gif",
    "locale": "enUS"
  },
  {
    "cardId": "EX1_606",
    "dbfId": "1023",
    "name": "Shield Block",
    "cardSet": "Basic",
    "type": "Spell",
    "faction": "Neutral",
    "rarity": "Free",
    "cost": 3,
    "text": "Gain 5 Armor.\\nDraw a card.",
    "flavor": "Shields were invented because Face Block is USELESS.",
    "artist": "Michael Komarck",
    "collectible": true,
    "playerClass": "Warrior",
    "howToGet": "Unlocked at Level 8.",
    "howToGetGold": "Unlocked at Level 28.",
    "img": "http://media.services.zam.com/v1/media/byName/hs/cards/enus/EX1_606.png",
    "imgGold": "http://media.services.zam.com/v1/media/byName/hs/cards/enus/animated/EX1_606_premium.gif",
    "locale": "enUS"
  },
  {
    "cardId": "CS2_092",
    "dbfId": "943",
    "name": "Blessing of Kings",
    "cardSet": "Basic",
    "type": "Spell",
    "faction": "Neutral",
    "rarity": "Free",
    "cost": 4,
    "text": "Give a minion +4/+4. (+4 Attack/+4 Health)",
    "flavor": "Given the number of kings who have been assassinated, are you sure you want their blessing?",
    "artist": "Lucas Graciano",
    "collectible": true,
    "playerClass": "Paladin",
    "howToGet": "Unlocked at Level 10.",
    "howToGetGold": "Unlocked at Level 49.",
    "img": "http://media.services.zam.com/v1/media/byName/hs/cards/enus/CS2_092.png",
    "imgGold": "http://media.services.zam.com/v1/media/byName/hs/cards/enus/animated/CS2_092_premium.gif",
    "locale": "enUS"
  },
  {
    "cardId": "CS2_093",
    "dbfId": "476",
    "name": "Consecration",
    "cardSet": "Basic",
    "type": "Spell",
    "faction": "Neutral",
    "rarity": "Free",
    "cost": 4,
    "text": "Deal $2 damage to all_enemies.",
    "flavor": "Consecrated ground glows with Holy energy. But it smells a little, too.",
    "artist": "Vance Kovacs",
    "collectible": true,
    "playerClass": "Paladin",
    "howToGet": "Unlocked at Level 4.",
    "howToGetGold": "Unlocked at Level 43.",
    "img": "http://media.services.zam.com/v1/media/byName/hs/cards/enus/CS2_093.png",
    "imgGold": "http://media.services.zam.com/v1/media/byName/hs/cards/enus/animated/CS2_093_premium.gif",
    "locale": "enUS"
  },
  {
    "cardId": "CS2_029",
    "dbfId": "315",
    "name": "Fireball",
    "cardSet": "Basic",
    "type": "Spell",
    "faction": "Neutral",
    "rarity": "Free",
    "cost": 4,
    "text": "Deal $6 damage.",
    "flavor": "This spell is useful for burning things. If you're looking for spells that toast things, or just warm them a little, you're in the wrong place.",
    "artist": "Ralph Horsley",
    "collectible": true,
    "playerClass": "Mage",
    "howToGet": "Unlocked at Level 1.",
    "howToGetGold": "Unlocked at Level 44.",
    "img": "http://media.services.zam.com/v1/media/byName/hs/cards/enus/CS2_029.png",
    "imgGold": "http://media.services.zam.com/v1/media/byName/hs/cards/enus/animated/CS2_029_premium.gif",
    "locale": "enUS"
  },
  {
    "cardId": "CS2_094",
    "dbfId": "250",
    "name": "Hammer of Wrath",
    "cardSet": "Basic",
    "type": "Spell",
    "faction": "Neutral",
    "rarity": "Free",
    "cost": 4,
    "text": "Deal $3 damage.\\nDraw a card.",
    "flavor": "A good paladin has many tools. Hammer of Wrath, Pliers of Vengeance, Hacksaw of Justice, etc.",
    "artist": "Efrem Palacios",
    "collectible": true,
    "playerClass": "Paladin",
    "howToGet": "Unlocked at Level 1.",
    "howToGetGold": "Unlocked at Level 32.",
    "img": "http://media.services.zam.com/v1/media/byName/hs/cards/enus/CS2_094.png",
    "imgGold": "http://media.services.zam.com/v1/media/byName/hs/cards/enus/animated/CS2_094_premium.gif",
    "locale": "enUS"
  },
  {
    "cardId": "CS2_062",
    "dbfId": "950",
    "name": "Hellfire",
    "cardSet": "Basic",
    "type": "Spell",
    "faction": "Neutral",
    "rarity": "Free",
    "cost": 4,
    "text": "Deal $3 damage to ALL_characters.",
    "flavor": "It's spells like these that make it hard for Warlocks to get decent help.",
    "artist": "Chippy",
    "collectible": true,
    "playerClass": "Warlock",
    "howToGet": "Unlocked at Level 1.",
    "howToGetGold": "Unlocked at Level 49.",
    "img": "http://media.services.zam.com/v1/media/byName/hs/cards/enus/CS2_062.png",
    "imgGold": "http://media.services.zam.com/v1/media/byName/hs/cards/enus/animated/CS2_062_premium.gif",
    "locale": "enUS"
  },
  {
    "cardId": "DS1_183",
    "dbfId": "292",
    "name": "Multi-Shot",
    "cardSet": "Basic",
    "type": "Spell",
    "faction": "Neutral",
    "rarity": "Free",
    "cost": 4,
    "text": "Deal $3 damage to two random enemy minions.",
    "flavor": "You see, it's all about throughput.",
    "artist": "Benjamin Zhang",
    "collectible": true,
    "playerClass": "Hunter",
    "howToGet": "Unlocked at Level 1.",
    "howToGetGold": "Unlocked at Level 36.",
    "img": "http://media.services.zam.com/v1/media/byName/hs/cards/enus/DS1_183.png",
    "imgGold": "http://media.services.zam.com/v1/media/byName/hs/cards/enus/animated/DS1_183_premium.gif",
    "locale": "enUS"
  },
  {
    "cardId": "CS2_022",
    "dbfId": "77",
    "name": "Polymorph",
    "cardSet": "Basic",
    "type": "Spell",
    "faction": "Neutral",
    "rarity": "Free",
    "cost": 4,
    "text": "Transform a minion\\ninto a 1/1 Sheep.",
    "flavor": "There was going to be a pun in this flavor text, but it just came out baa-d.",
    "artist": "Vance Kovacs",
    "collectible": true,
    "playerClass": "Mage",
    "howToGet": "Unlocked at Level 1.",
    "howToGetGold": "Unlocked at Level 47.",
    "img": "http://media.services.zam.com/v1/media/byName/hs/cards/enus/CS2_022.png",
    "imgGold": "http://media.services.zam.com/v1/media/byName/hs/cards/enus/animated/CS2_022_premium.gif",
    "locale": "enUS"
  },
  {
    "cardId": "CS1_112",
    "dbfId": "841",
    "name": "Holy Nova",
    "cardSet": "Basic",
    "type": "Spell",
    "faction": "Neutral",
    "rarity": "Free",
    "cost": 5,
    "text": "Deal $2 damage to all enemies. Restore #2_Health to all friendly characters.",
    "flavor": "If the Holy Light forsakes you, good luck casting this spell. Also, you're probably a jerk.",
    "artist": "Luca Zontini",
    "collectible": true,
    "playerClass": "Priest",
    "howToGet": "Unlocked at Level 6.",
    "howToGetGold": "Unlocked at Level 45.",
    "img": "http://media.services.zam.com/v1/media/byName/hs/cards/enus/CS1_112.png",
    "imgGold": "http://media.services.zam.com/v1/media/byName/hs/cards/enus/animated/CS1_112_premium.gif",
    "locale": "enUS"
  },
  {
    "cardId": "CS2_032",
    "dbfId": "1004",
    "name": "Flamestrike",
    "cardSet": "Basic",
    "type": "Spell",
    "faction": "Neutral",
    "rarity": "Free",
    "cost": 7,
    "text": "Deal $4 damage to all enemy minions.",
    "flavor": "When the ground is on fire, you should not stop, drop, and roll.",
    "artist": "Romain De Santi",
    "collectible": true,
    "playerClass": "Mage",
    "howToGet": "Unlocked at Level 10.",
    "howToGetGold": "Unlocked at Level 51.",
    "img": "http://media.services.zam.com/v1/media/byName/hs/cards/enus/CS2_032.png",
    "imgGold": "http://media.services.zam.com/v1/media/byName/hs/cards/enus/animated/CS2_032_premium.gif",
    "locale": "enUS"
  }
]