[
  {
    "cardId": "EX1_398t",
    "dbfId": "1707",
    "name": "Battle Axe",
    "cardSet": "Classic",
    "type": "Weapon",
    "cost": 1,
    "attack": 2,
    "durability": 2,
    "playerClass": "Warrior",
    "img": "http://wow.zamimg.com/images/hearthstone/cards/enus/original/EX1_398t.png",
    "imgGold": "http://wow.zamimg.com/images/hearthstone/cards/enus/animated/EX1_398t_premium.gif",
    "locale": "enUS"
  },
  {
    "cardId": "EX1_409t",
    "dbfId": "1661",
    "name": "Heavy Axe",
    "cardSet": "Classic",
    "type": "Weapon",
    "cost": 1,
    "attack": 1,
    "durability": 3,
    "playerClass": "Warrior",
    "img": "http://wow.zamimg.com/images/hearthstone/cards/enus/original/EX1_409t.png",
    "imgGold": "http://wow.zamimg.com/images/hearthstone/cards/enus/animated/EX1_409t_premium.gif",
    "locale": "enUS"
  },
  {
    "cardId": "EX1_323w",
    "dbfId": "1660",
    "name": "Blood Fury",
    "cardSet": "Classic",
    "type": "Weapon",
    "cost": 3,
    "attack": 3,
    "durability": 8,
    "elite": true,
    "playerClass": "Warlock",
    "img": "http://wow.zamimg.com/images/hearthstone/cards/enus/original/EX1_323w.png",
    "imgGold": "http://wow.zamimg.com/images/hearthstone/cards/enus/animated/EX1_323w_premium.gif",
    "locale": "enUS"
  },
  {
    "cardId": "EX1_383t",
    "dbfId": "1730",
    "name": "Ashbringer",
    "cardSet": "Classic",
    "type": "Weapon",
    "cost": 5,
    "attack": 5,
    "durability": 3,
    "elite": true,
    "playerClass": "Paladin",
    "img": "http://wow.zamimg.com/images/hearthstone/cards/enus/original/EX1_383t.png",
    "imgGold": "http://wow.zamimg.com/images/hearthstone/cards/enus/animated/EX1_383t_premium.gif",
    "locale": "enUS"
  },
  {
    "cardId": "EX1_411",
    "dbfId": "810",
    "name": "Gorehowl",
    "cardSet": "Classic",
    "type": "Weapon",
    "faction": "Neutral",
    "rarity": "Epic",
    "cost": 7,
    "attack": 7,
    "durability": 1,
    "text": "Attacking a minion costs 1 Attack instead of 1 Durability.",
    "flavor": "Grommash Hellscream's famous axe. Somehow this ended up in Prince Malchezaar's possession. Quite the mystery!",
    "artist": "Zoltan & Gabor",
    "collectible": true,
    "playerClass": "Warrior",
    "img": "http://media.services.zam.com/v1/media/byName/hs/cards/enus/EX1_411.png",
    "imgGold": "http://media.services.zam.com/v1/media/byName/hs/cards/enus/animated/EX1_411_premium.gif",
    "locale": "enUS"
  },
  {
    "cardId": "CS2_091",
    "dbfId": "383",
    "name": "Light's Justice",
    "cardSet": "Basic",
    "type": "Weapon",
    "faction": "Neutral",
    "rarity": "Free",
    "cost": 1,
    "attack": 1,
    "durability": 4,
    "flavor": "Prince Malchezaar was a collector of rare weapons. He'd animate them and have them dance for him.",
    "artist": "Glenn Rane",
    "collectible": true,
    "playerClass": "Paladin",
    "howToGet": "Unlocked at Level 1.",
    "howToGetGold": "Unlocked at Level 36.",
    "img": "http://media.services.zam.com/v1/media/byName/hs/cards/enus/CS2_091.png",
    "imgGold": "http://media.services.zam.com/v1/media/byName/hs/cards/enus/animated/CS2_091_premium.gif",
    "locale": "enUS"
  },
  {
    "cardId": "BCON_026",
    "dbfId": "49251",
    "name": "Blazing Longsword",
    "cardSet": "Basic",
    "type": "Weapon",
    "rarity": "Free",
    "cost": 3,
    "attack": 2,
    "durability": 3,
    "text": "Also damages minions next to whomever your hero attacks.",
    "playerClass": "Warrior",
    "img": "http://wow.zamimg.com/images/hearthstone/cards/enus/original/BCON_026.png",
    "imgGold": "http://wow.zamimg.com/images/hearthstone/cards/enus/animated/BCON_026_premium.gif",
    "locale": "enUS"
  },
  {
    "cardId": "CS2_106",
    "dbfId": "401",
    "name": "Fiery War Axe",
    "cardSet": "Basic",
    "type": "Weapon",
    "faction": "Neutral",
    "rarity": "Free",
    "cost": 3,
    "attack": 3,
    "durability": 2,
    "flavor": "During times of tranquility and harmony, this weapon was called by its less popular name, Chilly Peace Axe.",
    "artist": "Lucas Graciano",
    "collectible": true,
    "playerClass": "Warrior",
    "howToGet": "Unlocked at Level 1.",
    "howToGetGold": "Unlocked at Level 49.",
    "img": "http://media.services.zam.com/v1/media/byName/hs/cards/enus/CS2_106.png",
    "imgGold": "http://media.services.zam.com/v1/media/byName/hs/cards/enus/animated/CS2_106_premium.gif",
    "locale": "enUS"
  },
  {
    "cardId": "CS2_112",
    "dbfId": "304",
    "name": "Arcanite Reaper",
    "cardSet": "Basic",
    "type": "Weapon",
    "faction": "Neutral",
    "rarity": "Free",
    "cost": 5,
    "attack": 5,
    "durability": 2,
    "flavor": "No… actually you should fear the Reaper.",
    "artist": "Stefan Kopinski",
    "collectible": true,
    "playerClass": "Warrior",
    "howToGet": "Unlocked at Level 10.",
    "howToGetGold": "Unlocked at Level 51.",
    "img": "http://media.services.zam.com/v1/media/byName/hs/cards/enus/CS2_112.png",
    "imgGold": "http://media.services.zam.com/v1/media/byName/hs/cards/enus/animated/CS2_112_premium.gif",
    "locale": "enUS"
  }
]