{
  "Mage": [
    {
      "cardId": "LOOT_231",
      "dbfId": "45590",
      "name": "Arcane Artificer",
      "cardSet": "Kobolds & Catacombs",
      "type": "Minion",
      "rarity": "Common",
      "cost": 1,
      "attack": 1,
      "health": 2,
      "text": "Whenever you cast a spell, gain Armor equal to its_Cost.",
      "flavor": "Ethereal armor dissipates in 6 hours which can cause extreme awkwardness for first time buyers.",
      "artist": "Arthur Gimaldinov",
      "collectible": true,
      "race": "Elemental",
      "playerClass": "Mage",
      "img": "http://media.services.zam.com/v1/media/byName/hs/cards/enus/LOOT_231.png",
      "imgGold": "http://media.services.zam.com/v1/media/byName/hs/cards/enus/animated/LOOT_231_premium.gif",
      "locale": "enUS"
    },
    {
      "cardId": "CFM_066",
      "dbfId": "40299",
      "name": "Kabal Lackey",
      "cardSet": "Mean Streets of Gadgetzan",
      "type": "Minion",
      "rarity": "Common",
      "cost": 1,
      "attack": 2,
      "health": 1,
      "text": "[x]Battlecry: The next Secret\\nyou play this turn costs (0).",
      "flavor": "I'll tell you one thing he doesn't lack: GUMPTION.",
      "artist": "Andrew Hou",
      "collectible": true,
      "playerClass": "Mage",
      "img": "http://media.services.zam.com/v1/media/byName/hs/cards/enus/CFM_066.png",
      "imgGold": "http://media.services.zam.com/v1/media/byName/hs/cards/enus/animated/CFM_066_premium.gif",
      "locale": "enUS",
      "mechanics": [
        {
          "name": "Secret"
        },
        {
          "name": "Battlecry"
        }
      ]
    },
    {
      "cardId": "UNG_020",
      "dbfId": "41153",
      "name": "Arcanologist",
      "cardSet": "Journey to Un'Goro",
      "type": "Minion",
      "rarity": "Common",
      "cost": 2,
      "attack": 2,
      "health": 3,
      "text": "Battlecry: Draw a Secret from your deck.",
      "flavor": "What did you draw? Shhhh… it’s a secret.",
      "artist": "Eva Widermann",
      "collectible": true,
      "playerClass": "Mage",
      "img": "http://media.services.zam.com/v1/media/byName/hs/cards/enus/UNG_020.png",
      "imgGold": "http://media.services.zam.com/v1/media/byName/hs/cards/enus/animated/UNG_020_premium.gif",
      "locale": "enUS",
      "mechanics": [
        {
          "name": "Secret"
        },
        {
          "name": "Battlecry"
        }
      ]
    },
    {
      "cardId": "AT_003",
      "dbfId": "2545",
      "name": "Fallen Hero",
      "cardSet": "The Grand Tournament",
      "type": "Minion",
      "rarity": "Rare",
      "cost": 2,
      "attack": 3,
      "health": 2,
      "text": "Your Hero Power deals 1 extra damage.",
      "flavor": "And he can't get up.",
      "artist": "Arthur Bozonnet",
      "collectible": true,
      "playerClass": "Mage",
      "img": "http://media.services.zam.com/v1/media/byName/hs/cards/enus/AT_003.png",
      "imgGold": "http://media.services.zam.com/v1/media/byName/hs/cards/enus/animated/AT_003_premium.gif",
      "locale": "enUS"
    },
    {
      "cardId": "KAR_092",
      "dbfId": "39767",
      "name": "Medivh's Valet",
      "cardSet": "One Night in Karazhan",
      "type": "Minion",
      "rarity": "Common",
      "cost": 2,
      "attack": 2,
      "health": 3,
      "text": "Battlecry: If you control a Secret, deal 3 damage.",
      "flavor": "\"Magus Medivh sir, I've brought the flaming balloons, as you requested.\"",
      "artist": "Sean McNally",
      "collectible": true,
      "playerClass": "Mage",
      "howToGet": "Unlocked in the Spire, in One Night in Karazhan.",
      "howToGetGold": "Crafting unlocked in the Spire, in One Night in Karazhan.",
      "img": "http://media.services.zam.com/v1/media/byName/hs/cards/enus/KAR_092.png",
      "imgGold": "http://media.services.zam.com/v1/media/byName/hs/cards/enus/animated/KAR_092_premium.gif",
      "locale": "enUS",
      "mechanics": [
        {
          "name": "Secret"
        },
        {
          "name": "Battlecry"
        }
      ]
    },
    {
      "cardId": "ICC_083",
      "dbfId": "42756",
      "name": "Doomed Apprentice",
      "cardSet": "Knights of the Frozen Throne",
      "type": "Minion",
      "rarity": "Rare",
      "cost": 3,
      "attack": 3,
      "health": 2,
      "text": "Your opponent's spells cost (1) more.",
      "flavor": "Jaina was never good at keeping up apprentices.",
      "artist": "Alex Horley Orlandelli",
      "collectible": true,
      "playerClass": "Mage",
      "img": "http://media.services.zam.com/v1/media/byName/hs/cards/enus/ICC_083.png",
      "imgGold": "http://media.services.zam.com/v1/media/byName/hs/cards/enus/animated/ICC_083_premium.gif",
      "locale": "enUS",
      "mechanics": [
        {
          "name": "Aura"
        }
      ]
    },
    {
      "cardId": "BRM_002",
      "dbfId": "2275",
      "name": "Flamewaker",
      "cardSet": "Blackrock Mountain",
      "type": "Minion",
      "rarity": "Rare",
      "cost": 3,
      "attack": 2,
      "health": 4,
      "text": "After you cast a spell, deal 2 damage randomly split among all enemies.",
      "flavor": "Flamewakers HATE being confused for Flamewalkers. They just wake up fire, they don’t walk on it. Walking on fire is CRAZY.",
      "artist": "Alex Horley Orlandelli",
      "collectible": true,
      "playerClass": "Mage",
      "howToGet": "Unlocked in Blackwing Lair, in the Blackrock Mountain adventure.",
      "howToGetGold": "Crafting unlocked in Blackwing Lair, in the Blackrock Mountain adventure.",
      "img": "http://media.services.zam.com/v1/media/byName/hs/cards/enus/BRM_002.png",
      "imgGold": "http://media.services.zam.com/v1/media/byName/hs/cards/enus/animated/BRM_002_premium.gif",
      "locale": "enUS"
    },
    {
      "cardId": "EX1_612",
      "dbfId": "748",
      "name": "Kirin Tor Mage",
      "cardSet": "Classic",
      "type": "Minion",
      "faction": "Neutral",
      "rarity": "Rare",
      "cost": 3,
      "attack": 4,
      "health": 3,
      "text": "[x]Battlecry: The next Secret\\nyou play this turn costs (0).",
      "flavor": "The Kirin Tor reside in the floating city of Dalaran. How do you make a Dalaran float? Two scoops of ice cream, one scoop of Dalaran.",
      "artist": "Popo Wei",
      "collectible": true,
      "playerClass": "Mage",
      "img": "http://media.services.zam.com/v1/media/byName/hs/cards/enus/EX1_612.png",
      "imgGold": "http://media.services.zam.com/v1/media/byName/hs/cards/enus/animated/EX1_612_premium.gif",
      "locale": "enUS",
      "mechanics": [
        {
          "name": "Secret"
        },
        {
          "name": "Battlecry"
        }
      ]
    },
    {
      "cardId": "OG_083",
      "dbfId": "38409",
      "name": "Twilight Flamecaller",
      "cardSet": "Whispers of the Old Gods",
      "type": "Minion",
      "rarity": "Common",
      "cost": 3,
      "attack": 2,
      "health": 2,
      "text": "Battlecry: Deal 1 damage to all enemy minions.",
      "flavor": "Make sure you summon a Twilight Marshmallowcaller too! Mmmm Mmm Mmm!!",
      "artist": "Anton Zemskov",
      "collectible": true,
      "playerClass": "Mage",
      "img": "http://media.services.zam.com/v1/media/byName/hs/cards/enus/OG_083.png",
      "imgGold": "http://media.services.zam.com/v1/media/byName/hs/cards/enus/animated/OG_083_premium.gif",
      "locale": "enUS",
      "mechanics": [
        {
          "name": "Battlecry"
        }
      ]
    },
    {
      "cardId": "ICC_069",
      "dbfId": "42718",
      "name": "Ghastly Conjurer",
      "cardSet": "Knights of the Frozen Throne",
      "type": "Minion",
      "rarity": "Rare",
      "cost": 4,
      "attack": 2,
      "health": 6,
      "text": "Battlecry: Add a 'Mirror Image' spell to your hand.",
      "flavor": "Wearing purple after the holidays? GHASTLY!",
      "artist": "Paul Mafayon",
      "collectible": true,
      "playerClass": "Mage",
      "img": "http://media.services.zam.com/v1/media/byName/hs/cards/enus/ICC_069.png",
      "imgGold": "http://media.services.zam.com/v1/media/byName/hs/cards/enus/animated/ICC_069_premium.gif",
      "locale": "enUS",
      "mechanics": [
        {
          "name": "Battlecry"
        }
      ]
    },
    {
      "cardId": "LOOT_537",
      "dbfId": "46541",
      "name": "Leyline Manipulator",
      "cardSet": "Kobolds & Catacombs",
      "type": "Minion",
      "rarity": "Rare",
      "cost": 4,
      "attack": 4,
      "health": 5,
      "text": "Battlecry: If you're holding any cards that didn't start in your deck, reduce their Cost by (2).",
      "flavor": "The shortest distance between two points is a leyline.",
      "artist": "Arthur Bozonnet",
      "collectible": true,
      "race": "Elemental",
      "playerClass": "Mage",
      "img": "http://media.services.zam.com/v1/media/byName/hs/cards/enus/LOOT_537.png",
      "imgGold": "http://media.services.zam.com/v1/media/byName/hs/cards/enus/animated/LOOT_537_premium.gif",
      "locale": "enUS",
      "mechanics": [
        {
          "name": "Battlecry"
        }
      ]
    },
    {
      "cardId": "UNG_021",
      "dbfId": "41154",
      "name": "Steam Surger",
      "cardSet": "Journey to Un'Goro",
      "type": "Minion",
      "faction": "Neutral",
      "rarity": "Rare",
      "cost": 4,
      "attack": 5,
      "health": 4,
      "text": "[x]Battlecry: If you played\\nan Elemental last turn,\\nadd a 'Flame Geyser'\\nto your hand.",
      "flavor": "Explorers nicknamed him the Teapot Elemental.",
      "artist": "Jakub Kasber",
      "collectible": true,
      "race": "Elemental",
      "playerClass": "Mage",
      "img": "http://media.services.zam.com/v1/media/byName/hs/cards/enus/UNG_021.png",
      "imgGold": "http://media.services.zam.com/v1/media/byName/hs/cards/enus/animated/UNG_021_premium.gif",
      "locale": "enUS",
      "mechanics": [
        {
          "name": "Battlecry"
        }
      ]
    },
    {
      "cardId": "GVG_122",
      "dbfId": "2234",
      "name": "Wee Spellstopper",
      "cardSet": "Goblins vs Gnomes",
      "type": "Minion",
      "rarity": "Epic",
      "cost": 4,
      "attack": 2,
      "health": 5,
      "text": "Adjacent minions can't be targeted by spells or Hero Powers.",
      "flavor": "Bane of spellcasters and spelling bees everywhere.",
      "artist": "Jonboy Meyers",
      "collectible": true,
      "playerClass": "Mage",
      "img": "http://media.services.zam.com/v1/media/byName/hs/cards/enus/GVG_122.png",
      "imgGold": "http://media.services.zam.com/v1/media/byName/hs/cards/enus/animated/GVG_122_premium.gif",
      "locale": "enUS",
      "mechanics": [
        {
          "name": "Aura"
        }
      ]
    },
    {
      "cardId": "CFM_671",
      "dbfId": "40988",
      "name": "Cryomancer",
      "cardSet": "Mean Streets of Gadgetzan",
      "type": "Minion",
      "rarity": "Common",
      "cost": 5,
      "attack": 5,
      "health": 5,
      "text": "Battlecry: If an enemy is Frozen, gain +2/+2.",
      "flavor": "She loves Frozen. I mean who doesn't?",
      "artist": "Tyler West Studios",
      "collectible": true,
      "playerClass": "Mage",
      "img": "http://media.services.zam.com/v1/media/byName/hs/cards/enus/CFM_671.png",
      "imgGold": "http://media.services.zam.com/v1/media/byName/hs/cards/enus/animated/CFM_671_premium.gif",
      "locale": "enUS",
      "mechanics": [
        {
          "name": "Freeze"
        },
        {
          "name": "Battlecry"
        }
      ]
    },
    {
      "cardId": "LOE_003",
      "dbfId": "2875",
      "name": "Ethereal Conjurer",
      "cardSet": "The League of Explorers",
      "type": "Minion",
      "rarity": "Common",
      "cost": 5,
      "attack": 6,
      "health": 3,
      "text": "Battlecry: Discover a spell.",
      "flavor": "Despite the name, he's a solid conjurer.",
      "artist": "Benjamin Zhang",
      "collectible": true,
      "playerClass": "Mage",
      "howToGet": "Unlocked in Uldaman, in the League of Explorers adventure.",
      "howToGetGold": "Crafting unlocked in Uldaman, in the League of Explorers adventure.",
      "img": "http://media.services.zam.com/v1/media/byName/hs/cards/enus/LOE_003.png",
      "imgGold": "http://media.services.zam.com/v1/media/byName/hs/cards/enus/animated/LOE_003_premium.gif",
      "locale": "enUS",
      "mechanics": [
        {
          "name": "Discover"
        },
        {
          "name": "Battlecry"
        }
      ]
    }
  ],
  "Hunter": [
    {
      "cardId": "OG_179",
      "dbfId": "38584",
      "name": "Fiery Bat",
      "cardSet": "Whispers of the Old Gods",
      "type": "Minion",
      "rarity": "Common",
      "cost": 1,
      "attack": 2,
      "health": 1,
      "text": "Deathrattle: Deal 1 damage to a random enemy.",
      "flavor": "He'll always be our first.",
      "artist": "Andrew Hou",
      "collectible": true,
      "race": "Beast",
      "playerClass": "Hunter",
      "img": "http://media.services.zam.com/v1/media/byName/hs/cards/enus/OG_179.png",
      "imgGold": "http://media.services.zam.com/v1/media/byName/hs/cards/enus/animated/OG_179_premium.gif",
      "locale": "enUS",
      "mechanics": [
        {
          "name": "Deathrattle"
        }
      ]
    },
    {
      "cardId": "EX1_538t",
      "dbfId": "1715",
      "name": "Hound",
      "cardSet": "Classic",
      "type": "Minion",
      "cost": 1,
      "attack": 1,
      "health": 1,
      "text": "Charge",
      "race": "Beast",
      "playerClass": "Hunter",
      "img": "http://wow.zamimg.com/images/hearthstone/cards/enus/original/EX1_538t.png",
      "imgGold": "http://wow.zamimg.com/images/hearthstone/cards/enus/animated/EX1_538t_premium.gif",
      "locale": "enUS",
      "mechanics": [
        {
          "name": "Charge"
        }
      ]
    },
    {
      "cardId": "UNG_915",
      "dbfId": "41358",
      "name": "Crackling Razormaw",
      "cardSet": "Journey to Un'Goro",
      "type": "Minion",
      "rarity": "Common",
      "cost": 2,
      "attack": 3,
      "health": 2,
      "text": "Battlecry: Adapt a friendly_Beast.",
      "flavor": "Wasn't clever enough to go AROUND the electric fence.",
      "artist": "L. Lullabi & K. Turovec",
      "collectible": true,
      "race": "Beast",
      "playerClass": "Hunter",
      "img": "http://media.services.zam.com/v1/media/byName/hs/cards/enus/UNG_915.png",
      "imgGold": "http://media.services.zam.com/v1/media/byName/hs/cards/enus/animated/UNG_915_premium.gif",
      "locale": "enUS",
      "mechanics": [
        {
          "name": "Battlecry"
        },
        {
          "name": "Adapt"
        }
      ]
    },
    {
      "cardId": "EX1_534t",
      "dbfId": "1624",
      "name": "Hyena",
      "cardSet": "Classic",
      "type": "Minion",
      "rarity": "Rare",
      "cost": 2,
      "attack": 2,
      "health": 2,
      "artist": "Andrew Robinson",
      "race": "Beast",
      "playerClass": "Hunter",
      "img": "http://wow.zamimg.com/images/hearthstone/cards/enus/original/EX1_534t.png",
      "imgGold": "http://wow.zamimg.com/images/hearthstone/cards/enus/animated/EX1_534t_premium.gif",
      "locale": "enUS"
    },
    {
      "cardId": "AT_058",
      "dbfId": "2635",
      "name": "King's Elekk",
      "cardSet": "The Grand Tournament",
      "type": "Minion",
      "rarity": "Common",
      "cost": 2,
      "attack": 3,
      "health": 2,
      "text": "Battlecry: Reveal a minion in each deck. If yours costs more, draw it.",
      "flavor": "Elekk jousting is AWESOME.",
      "artist": "James Zhang",
      "collectible": true,
      "race": "Beast",
      "playerClass": "Hunter",
      "img": "http://media.services.zam.com/v1/media/byName/hs/cards/enus/AT_058.png",
      "imgGold": "http://media.services.zam.com/v1/media/byName/hs/cards/enus/animated/AT_058_premium.gif",
      "locale": "enUS",
      "mechanics": [
        {
          "name": "Battlecry"
        }
      ]
    },
    {
      "cardId": "GVG_087",
      "dbfId": "2055",
      "name": "Steamwheedle Sniper",
      "cardSet": "Goblins vs Gnomes",
      "type": "Minion",
      "rarity": "Epic",
      "cost": 2,
      "attack": 2,
      "health": 3,
      "text": "Your Hero Power can target minions.",
      "flavor": "Goblins seldom have the patience for sniping. Most prefer lobbing explosives.",
      "artist": "Jun Kang",
      "collectible": true,
      "playerClass": "Hunter",
      "img": "http://media.services.zam.com/v1/media/byName/hs/cards/enus/GVG_087.png",
      "imgGold": "http://media.services.zam.com/v1/media/byName/hs/cards/enus/animated/GVG_087_premium.gif",
      "locale": "enUS"
    },
    {
      "cardId": "ICC_419",
      "dbfId": "42711",
      "name": "Bearshark",
      "cardSet": "Knights of the Frozen Throne",
      "type": "Minion",
      "rarity": "Common",
      "cost": 3,
      "attack": 4,
      "health": 3,
      "text": "Can't be targeted by spells or Hero Powers.",
      "flavor": "\"Candygram.\"",
      "artist": "Grecke",
      "collectible": true,
      "race": "Beast",
      "playerClass": "Hunter",
      "img": "http://media.services.zam.com/v1/media/byName/hs/cards/enus/ICC_419.png",
      "imgGold": "http://media.services.zam.com/v1/media/byName/hs/cards/enus/animated/ICC_419_premium.gif",
      "locale": "enUS"
    },
    {
      "cardId": "LOOT_078",
      "dbfId": "43358",
      "name": "Cave Hydra",
      "cardSet": "Kobolds & Catacombs",
      "type": "Minion",
      "rarity": "Common",
      "cost": 3,
      "attack": 2,
      "health": 4,
      "text": "Also damages the minions next to whomever\\nthis attacks.",
      "flavor": "Can be upgraded into a Cave Lurker.",
      "artist": "Peter Stapleton",
      "collectible": true,
      "race": "Beast",
      "playerClass": "Hunter",
      "img": "http://media.services.zam.com/v1/media/byName/hs/cards/enus/LOOT_078.png",
      "imgGold": "http://media.services.zam.com/v1/media/byName/hs/cards/enus/animated/LOOT_078_premium.gif",
      "locale": "enUS"
    },
    {
      "cardId": "KAR_006",
      "dbfId": "39492",
      "name": "Cloaked Huntress",
      "cardSet": "One Night in Karazhan",
      "type": "Minion",
      "rarity": "Common",
      "cost": 3,
      "attack": 3,
      "health": 4,
      "text": "Your Secrets cost (0).",
      "flavor": "She's practically GIVING your secrets away!",
      "artist": "Arthur Bozonnet",
      "collectible": true,
      "playerClass": "Hunter",
      "howToGet": "Unlocked in the Parlor, in One Night in Karazhan.",
      "howToGetGold": "Crafting unlocked in the Parlor, in One Night in Karazhan.",
      "img": "http://media.services.zam.com/v1/media/byName/hs/cards/enus/KAR_006.png",
      "imgGold": "http://media.services.zam.com/v1/media/byName/hs/cards/enus/animated/KAR_006_premium.gif",
      "locale": "enUS",
      "mechanics": [
        {
          "name": "Secret"
        }
      ]
    },
    {
      "cardId": "DS1_070",
      "dbfId": "1003",
      "name": "Houndmaster",
      "cardSet": "Basic",
      "type": "Minion",
      "faction": "Neutral",
      "rarity": "Free",
      "cost": 4,
      "attack": 4,
      "health": 3,
      "text": "Battlecry: Give a friendly Beast +2/+2 and Taunt.",
      "flavor": "\"Who let the dogs out?\" he asks. It's rhetorical.",
      "artist": "Dan Brereton",
      "collectible": true,
      "playerClass": "Hunter",
      "howToGet": "Unlocked at Level 1.",
      "howToGetGold": "Unlocked at Level 28.",
      "img": "http://media.services.zam.com/v1/media/byName/hs/cards/enus/DS1_070.png",
      "imgGold": "http://media.services.zam.com/v1/media/byName/hs/cards/enus/animated/DS1_070_premium.gif",
      "locale": "enUS",
      "mechanics": [
        {
          "name": "Taunt"
        },
        {
          "name": "Battlecry"
        }
      ]
    },
    {
      "cardId": "ICC_204",
      "dbfId": "42563",
      "name": "Professor Putricide",
      "cardSet": "Knights of the Frozen Throne",
      "type": "Minion",
      "rarity": "Legendary",
      "cost": 4,
      "attack": 5,
      "health": 4,
      "text": "After you play a Secret,\\nput a random Hunter Secret into the battlefield.",
      "flavor": "Among his more notable inventions: A tentacle-groomer, a plague that would wipe out all life on Azeroth, and a fidget spinner.",
      "artist": "Mike Sass",
      "collectible": true,
      "elite": true,
      "playerClass": "Hunter",
      "img": "http://media.services.zam.com/v1/media/byName/hs/cards/enus/ICC_204.png",
      "imgGold": "http://media.services.zam.com/v1/media/byName/hs/cards/enus/animated/ICC_204_premium.gif",
      "locale": "enUS",
      "mechanics": [
        {
          "name": "Secret"
        }
      ]
    },
    {
      "cardId": "ICC_243",
      "dbfId": "42822",
      "name": "Corpse Widow",
      "cardSet": "Knights of the Frozen Throne",
      "type": "Minion",
      "rarity": "Rare",
      "cost": 5,
      "attack": 4,
      "health": 6,
      "text": "Your Deathrattle cards cost_(2) less.",
      "flavor": "Her marriage survived death, but it decayed pretty quickly after that.",
      "artist": "Dave Allsop",
      "collectible": true,
      "race": "Beast",
      "playerClass": "Hunter",
      "img": "http://media.services.zam.com/v1/media/byName/hs/cards/enus/ICC_243.png",
      "imgGold": "http://media.services.zam.com/v1/media/byName/hs/cards/enus/animated/ICC_243_premium.gif",
      "locale": "enUS",
      "mechanics": [
        {
          "name": "Aura"
        },
        {
          "name": "Deathrattle"
        }
      ]
    },
    {
      "cardId": "GVG_046",
      "dbfId": "2014",
      "name": "King of Beasts",
      "cardSet": "Goblins vs Gnomes",
      "type": "Minion",
      "rarity": "Rare",
      "cost": 5,
      "attack": 2,
      "health": 6,
      "text": "Taunt. Battlecry: Gain +1 Attack for each other Beast you have.",
      "flavor": "He never sleeps. Not even in the mighty jungle.",
      "artist": "Seamus Gallagher",
      "collectible": true,
      "race": "Beast",
      "playerClass": "Hunter",
      "img": "http://media.services.zam.com/v1/media/byName/hs/cards/enus/GVG_046.png",
      "imgGold": "http://media.services.zam.com/v1/media/byName/hs/cards/enus/animated/GVG_046_premium.gif",
      "locale": "enUS",
      "mechanics": [
        {
          "name": "Battlecry"
        },
        {
          "name": "Taunt"
        }
      ]
    },
    {
      "cardId": "AT_010",
      "dbfId": "2552",
      "name": "Ram Wrangler",
      "cardSet": "The Grand Tournament",
      "type": "Minion",
      "rarity": "Rare",
      "cost": 5,
      "attack": 3,
      "health": 3,
      "text": "Battlecry: If you have a Beast, summon a\\nrandom Beast.",
      "flavor": "Not getting trampled is really the trick here.",
      "artist": "Brandon Kitkouski",
      "collectible": true,
      "playerClass": "Hunter",
      "img": "http://media.services.zam.com/v1/media/byName/hs/cards/enus/AT_010.png",
      "imgGold": "http://media.services.zam.com/v1/media/byName/hs/cards/enus/animated/AT_010_premium.gif",
      "locale": "enUS",
      "mechanics": [
        {
          "name": "Battlecry"
        }
      ]
    },
    {
      "cardId": "UNG_913",
      "dbfId": "41354",
      "name": "Tol'vir Warden",
      "cardSet": "Journey to Un'Goro",
      "type": "Minion",
      "rarity": "Rare",
      "cost": 5,
      "attack": 3,
      "health": 5,
      "text": "Battlecry: Draw two 1-Cost minions from your deck.",
      "flavor": "Ferocious in combat… and even more terrifying in pet battles.",
      "artist": "Mike Azevedo",
      "collectible": true,
      "playerClass": "Hunter",
      "img": "http://media.services.zam.com/v1/media/byName/hs/cards/enus/UNG_913.png",
      "imgGold": "http://media.services.zam.com/v1/media/byName/hs/cards/enus/animated/UNG_913_premium.gif",
      "locale": "enUS",
      "mechanics": [
        {
          "name": "Battlecry"
        }
      ]
    }
  ]
}
